{
  "v4": {
    "recall_at_5": 0.3,
    "avg_hit_rate": 0.1,
    "avg_best_rank": 2.4444444444444446,
    "category_stats": {
      "兴趣导向": {
        "count": 8,
        "recall5_hits": 5,
        "hit_rate_sum": 1.6666666666666665,
        "recall5": 0.625,
        "hit_rate": 0.20833333333333331
      },
      "就业导向": {
        "count": 8,
        "recall5_hits": 0,
        "hit_rate_sum": 0.0,
        "recall5": 0.0,
        "hit_rate": 0.0
      },
      "约束导向": {
        "count": 7,
        "recall5_hits": 1,
        "hit_rate_sum": 0.3333333333333333,
        "recall5": 0.14285714285714285,
        "hit_rate": 0.047619047619047616
      },
      "分数导向": {
        "count": 3,
        "recall5_hits": 0,
        "hit_rate_sum": 0.0,
        "recall5": 0.0,
        "hit_rate": 0.0
      },
      "综合导向": {
        "count": 4,
        "recall5_hits": 3,
        "hit_rate_sum": 1.0,
        "recall5": 0.75,
        "hit_rate": 0.25
      }
    }
  },
  "v5": {
    "recall_at_5": 0.7666666666666667,
    "recall_at_10": 0.7666666666666667,
    "avg_hit_rate": 0.47777777777777775,
    "avg_best_rank": 1.9130434782608696,
    "category_stats": {
      "兴趣导向": {
        "count": 8,
        "recall5_hits": 8,
        "hit_rate_sum": 6.333333333333333,
        "recall5": 1.0,
        "hit_rate": 0.7916666666666666
      },
      "就业导向": {
        "count": 8,
        "recall5_hits": 6,
        "hit_rate_sum": 3.0,
        "recall5": 0.75,
        "hit_rate": 0.375
      },
      "约束导向": {
        "count": 7,
        "recall5_hits": 3,
        "hit_rate_sum": 1.3333333333333333,
        "recall5": 0.42857142857142855,
        "hit_rate": 0.19047619047619047
      },
      "分数导向": {
        "count": 3,
        "recall5_hits": 2,
        "hit_rate_sum": 1.0,
        "recall5": 0.6666666666666666,
        "hit_rate": 0.3333333333333333
      },
      "综合导向": {
        "count": 4,
        "recall5_hits": 4,
        "hit_rate_sum": 2.6666666666666665,
        "recall5": 1.0,
        "hit_rate": 0.6666666666666666
      }
    },
    "case_details": [
      {
        "query": "我喜欢计算机，想学编程相关",
        "category": "兴趣导向",
        "expected": [
          "计算机科学与技术",
          "软件工程",
          "人工智能"
        ],
        "retrieved": [
          "计算机科学与技术",
          "人工智能",
          "信息安全",
          "数据科学与大数据技术",
          "集成电路设计与集成系统"
        ],
        "hit_count": 2,
        "hit_rate": 0.6666666666666666,
        "best_rank": 1
      },
      {
        "query": "我对人工智能和大模型很感兴趣",
        "category": "兴趣导向",
        "expected": [
          "人工智能",
          "数据科学与大数据技术",
          "计算机科学与技术"
        ],
        "retrieved": [
          "人工智能",
          "物联网工程",
          "数据科学与大数据技术",
          "集成电路设计与集成系统",
          "计算机科学与技术"
        ],
        "hit_count": 3,
        "hit_rate": 1.0,
        "best_rank": 1
      },
      {
        "query": "想学电子和芯片相关专业",
        "category": "兴趣导向",
        "expected": [
          "电子科学与技术",
          "微电子科学与工程",
          "集成电路设计与集成系统"
        ],
        "retrieved": [
          "电子信息工程",
          "微电子科学与工程",
          "电子科学与技术",
          "电子信息科学与技术",
          "机械电子工程"
        ],
        "hit_count": 2,
        "hit_rate": 0.6666666666666666,
        "best_rank": 2
      },
      {
        "query": "我想当医生，救死扶伤",
        "category": "兴趣导向",
        "expected": [
          "临床医学",
          "口腔医学",
          "护理学"
        ],
        "retrieved": [
          "临床医学",
          "口腔医学",
          "软件工程",
          "材料科学与工程",
          "数据科学与大数据技术"
        ],
        "hit_count": 2,
        "hit_rate": 0.6666666666666666,
        "best_rank": 1
      },
      {
        "query": "我喜欢机器人，想研究自动化",
        "category": "兴趣导向",
        "expected": [
          "机器人工程",
          "自动化",
          "机械电子工程"
        ],
        "retrieved": [
          "机器人工程",
          "集成电路设计与集成系统",
          "自动化",
          "机械电子工程",
          "人工智能"
        ],
        "hit_count": 3,
        "hit_rate": 1.0,
        "best_rank": 1
      },
      {
        "query": "我对新能源和电动车感兴趣",
        "category": "兴趣导向",
        "expected": [
          "新能源科学与工程",
          "车辆工程",
          "电气工程及其自动化"
        ],
        "retrieved": [
          "新能源科学与工程",
          "车辆工程",
          "能源与动力工程",
          "材料科学与工程",
          "自动化"
        ],
        "hit_count": 2,
        "hit_rate": 0.6666666666666666,
        "best_rank": 1
      },
      {
        "query": "我想学网络安全和信息安全",
        "category": "兴趣导向",
        "expected": [
          "信息安全",
          "计算机科学与技术",
          "软件工程"
        ],
        "retrieved": [
          "信息安全",
          "计算机科学与技术",
          "通信工程",
          "电子信息科学与技术",
          "集成电路设计与集成系统"
        ],
        "hit_count": 2,
        "hit_rate": 0.6666666666666666,
        "best_rank": 1
      },
      {
        "query": "我对通信和网络感兴趣",
        "category": "兴趣导向",
        "expected": [
          "通信工程",
          "电子信息工程",
          "物联网工程"
        ],
        "retrieved": [
          "通信工程",
          "电子信息工程",
          "电子信息科学与技术",
          "光电信息科学与工程",
          "物联网工程"
        ],
        "hit_count": 3,
        "hit_rate": 1.0,
        "best_rank": 1
      },
      {
        "query": "我想找就业率高的专业，好找工作",
        "category": "就业导向",
        "expected": [
          "人工智能",
          "电气工程及其自动化",
          "计算机科学与技术"
        ],
        "retrieved": [
          "人工智能",
          "数据科学与大数据技术",
          "集成电路设计与集成系统",
          "物联网工程",
          "计算机科学与技术"
        ],
        "hit_count": 2,
        "hit_rate": 0.6666666666666666,
        "best_rank": 1
      },
      {
        "query": "哪个专业薪资高，赚钱多",
        "category": "就业导向",
        "expected": [
          "人工智能",
          "软件工程",
          "计算机科学与技术"
        ],
        "retrieved": [
          "人工智能",
          "数据科学与大数据技术",
          "集成电路设计与集成系统",
          "物联网工程",
          "计算机科学与技术"
        ],
        "hit_count": 2,
        "hit_rate": 0.6666666666666666,
        "best_rank": 1
      },
      {
        "query": "我想考公务员，进体制内",
        "category": "就业导向",
        "expected": [
          "法学",
          "汉语言文学",
          "公共管理"
        ],
        "retrieved": [
          "人工智能",
          "数据科学与大数据技术",
          "集成电路设计与集成系统",
          "物联网工程",
          "计算机科学与技术"
        ],
        "hit_count": 0,
        "hit_rate": 0.0,
        "best_rank": -1
      },
      {
        "query": "我想当老师，工作稳定",
        "category": "就业导向",
        "expected": [
          "师范类教育",
          "汉语言文学",
          "英语"
        ],
        "retrieved": [
          "人工智能",
          "数据科学与大数据技术",
          "集成电路设计与集成系统",
          "物联网工程",
          "计算机科学与技术"
        ],
        "hit_count": 0,
        "hit_rate": 0.0,
        "best_rank": -1
      },
      {
        "query": "我想进金融行业，做投资银行",
        "category": "就业导向",
        "expected": [
          "金融学",
          "会计学",
          "数据科学与大数据技术"
        ],
        "retrieved": [
          "人工智能",
          "数据科学与大数据技术",
          "集成电路设计与集成系统",
          "物联网工程",
          "计算机科学与技术"
        ],
        "hit_count": 1,
        "hit_rate": 0.3333333333333333,
        "best_rank": 2
      },
      {
        "query": "我想去互联网大厂工作",
        "category": "就业导向",
        "expected": [
          "计算机科学与技术",
          "软件工程",
          "人工智能"
        ],
        "retrieved": [
          "人工智能",
          "数据科学与大数据技术",
          "集成电路设计与集成系统",
          "物联网工程",
          "计算机科学与技术"
        ],
        "hit_count": 2,
        "hit_rate": 0.6666666666666666,
        "best_rank": 1
      },
      {
        "query": "我想学个万金油专业，什么都好找",
        "category": "就业导向",
        "expected": [
          "计算机科学与技术",
          "会计学",
          "电气工程及其自动化"
        ],
        "retrieved": [
          "人工智能",
          "数据科学与大数据技术",
          "集成电路设计与集成系统",
          "物联网工程",
          "计算机科学与技术"
        ],
        "hit_count": 1,
        "hit_rate": 0.3333333333333333,
        "best_rank": 5
      },
      {
        "query": "我想做硬件开发，不想纯软件",
        "category": "就业导向",